id,name,datetime,department_id,job_id
43,Marcelo Gonzalez,2021-07-27T16:02:08,1,2
32,Marcelo Suarez,2021-07-17T16:02:08,1,122
4,Juan Ferreyro,2021-06-27T16:02:08,2,223
66,Miriam Juanes,2021-04-27T16:02:08,3,321
85,Ian Gonzales,2020-07-27T16:02:08,5,433
34,Julio Perez,2021-07-07T16:02:08,7,221
23,Luciana Perez,2016-07-27T16:02:08,4,77
73,Patricia Karens,2019-07-27T16:02:08,98,82
35,Alfredo Mondelli,2021-07-27T16:02:08,6,862
67,Agustin Nu√±ez,2020-04-27T16:02:08,54,652
78,Federico Cisneros,2021-09-27T16:02:08,22,562
99,Julian Piori,2021-07-27T16:02:08,66,12
88,Marcelo Messi,2020-07-27T16:02:08,92,52
